,abus,addict,adhd,agoraphobia,alcohol,analgesia,anxieti,anxiou,anxious,apathi,aphasia,autism,bing,blackout,block,caffein,confus,depress,dereal,despond,disori,disorient,drowsi,drunk,dysthymia,flashback,forget,frenzi,gad,hallucin,hyper,hypervigil,hypochondria,icd,impati,manic,mci,mdi,moodi,neurosi,nightmar,obsess,ocd,phobia,pot,psych,psycholog,psychot,ptsd,pund,schizophrenia,sleepi,somnol,spray,ssd,stubborn,suffer,tens,tension,violent,weed,withdraw
0,0.0018688390589108052,0.0017442497883167515,0.0006229463529702683,0.000373767811782161,0.011088445082870777,0.00024917854118810737,0.04746851209633445,0.005606517176732415,0.0009967141647524295,0.000373767811782161,0.00012458927059405368,0.00012458927059405368,0.0008721248941583758,0.0011213034353464832,0.007599945506237275,0.00610487425910863,0.007973713318019436,0.01320646268296969,0.000373767811782161,0.00012458927059405368,0.000747535623564322,0.00012458927059405368,0.0006229463529702683,0.000747535623564322,0.00024917854118810737,0.00012458927059405368,0.001993428329504859,0.00012458927059405368,0.0011213034353464832,0.00024917854118810737,0.0016196605177226978,0.00024917854118810737,0.00024917854118810737,0.0004983570823762147,0.000373767811782161,0.00012458927059405368,0.00024917854118810737,0.00024917854118810737,0.0006229463529702683,0.00012458927059405368,0.001993428329504859,0.0013704819765345904,0.0009967141647524295,0.000747535623564322,0.0027409639530691808,0.001495071247128644,0.000747535623564322,0.00012458927059405368,0.0004983570823762147,0.00012458927059405368,0.000373767811782161,0.0022426068706929664,0.0004983570823762147,0.0013704819765345904,0.00012458927059405368,0.00024917854118810737,0.02230147943633561,0.0011213034353464832,0.0016196605177226978,0.0013704819765345904,0.000373767811782161,0.0032393210354453956
